Title,Price,Availability,Reviews,Format,Author/About
Deep Dive into Web Development,$39.95,Limited Stock,950,Kindle Edition,Lisa Garcia
The Art of Network Security,$86.05,In Stock,4912,Kindle Edition,Mary Clark
Introduction to Database Management,$68.55,In Stock,8588,Paperback,Jennifer Taylor
Complete Guide to Web Development,$57.88,Available Soon,7026,Hardcover,Jane Doe
Deep Dive into Romance,$22.47,Limited Stock,7851,Hardcover,James Thompson
Mastering Science Fiction,$22.47,In Stock,6210,Hardcover,Emily Brown
The Science of Data Science,$14.64,2-3 days,6582,Kindle Edition,Richard Rodriguez
The Art of Machine Learning,$79.28,Available Soon,8325,Kindle Edition,Michael Davis
Introduction to Database Management,$58.08,2-3 days,1667,Kindle Edition,William Robinson
Modern Biography,$66.64,Limited Stock,4329,Audio Book,William Robinson
The Art of Romance,$11.64,Out of Stock,1351,"Paperback, Kindle",James Thompson
Introduction to Romance,$87.58,In Stock,9863,Audio Book,Amanda Anderson
The Science of Database Management,$76.59,2-3 days,9378,All Formats,James Thompson
Practical Science Fiction,$26.98,2-3 days,0,Paperback,William Robinson
Advanced Python Programming,$24.54,In Stock,6730,Paperback,Richard Rodriguez
Secrets of Artificial Intelligence,$24.66,In Stock,9169,Paperback,Emily Brown
The Power of Project Management,$34.33,In Stock,899,Kindle Edition,David Lee
Essential Network Security,$51.97,Available Soon,5201,"Paperback, Kindle",Jane Doe
Complete Guide to Software Engineering,$44.55,Usually ships within 24 hours,9061,Paperback,Christopher Martinez
Secrets of Business Analytics,$33.29,In Stock,0,"Hardcover, Kindle",Emily Brown
Mastering Machine Learning,$58.94,In Stock,6639,Paperback,James Thompson
The Science of Web Development,$21.15,In Stock,2196,"Hardcover, Kindle",Robert Johnson
Essential Digital Marketing,$33.36,Usually ships within 24 hours,9160,Hardcover,Richard Rodriguez
Understanding Network Security,$39.30,Available Soon,9678,Paperback,Michael Davis
Secrets of Data Science,$46.48,Available Soon,9381,Kindle Edition,Mary Clark
The Power of Fiction Writing,$72.80,In Stock,4160,Hardcover,Robert Johnson
Modern Web Development,$25.96,In Stock,8467,Hardcover,Jane Doe
The Science of Machine Learning,$51.13,In Stock,8273,Hardcover,John Smith
Modern DevOps,$57.38,In Stock,2438,"Paperback, Kindle",Robert Johnson
Deep Dive into Biography,$13.71,2-3 days,8100,Kindle Edition,William Robinson
Essential Science Fiction,$58.59,Available Soon,0,Hardcover,Michael Davis
Introduction to Machine Learning,$23.63,Usually ships within 24 hours,5516,Kindle Edition,Amanda Anderson
The Art of Database Management,$15.19,Usually ships within 24 hours,1448,Audio Book,Lisa Garcia
Secrets of DevOps,$85.90,In Stock,233,Hardcover,Mary Clark
Mastering Database Management,$87.24,Pre-order,0,Kindle Edition,Amanda Anderson
Mastering Leadership,$74.66,2-3 days,6627,Paperback,Richard Rodriguez
Advanced Fiction Writing,$34.36,Available Soon,2668,Paperback,Michael Davis
Deep Dive into Digital Marketing,$17.80,In Stock,6943,Kindle Edition,Jennifer Taylor
Complete Guide to Digital Marketing,$64.73,In Stock,0,Paperback,Jane Doe
Essential Software Engineering,$45.20,In Stock,2395,Kindle Edition,Jennifer Taylor
Deep Dive into Network Security,$19.75,Usually ships within 24 hours,4885,Audio Book,Lisa Garcia
The Power of Machine Learning,$49.60,Out of Stock,7675,Paperback,Michael Davis
Understanding Artificial Intelligence,$12.74,In Stock,2434,Kindle Edition,Lisa Garcia
Modern Database Management,$82.74,Limited Stock,5845,Hardcover,David Lee
Complete Guide to Fiction Writing,$30.69,Out of Stock,8733,All Formats,Michael Davis
The Science of Network Security,$62.99,In Stock,5733,Kindle Edition,Christopher Martinez
Deep Dive into Romance,$34.93,In Stock,1481,"Paperback, Kindle",Christopher Martinez
Introduction to Business Analytics,$51.60,Limited Stock,0,Kindle Edition,Jennifer Taylor
Secrets of Data Science,$53.73,In Stock,8557,Paperback,Jennifer Taylor
Introduction to Data Science,$24.78,Pre-order,0,Kindle Edition,Jane Doe
Secrets of Business Analytics,$87.56,In Stock,8608,All Formats,Amanda Anderson
The Science of Network Security,$72.00,2-3 days,4768,Kindle Edition,John Smith
Mastering Software Engineering,$85.15,In Stock,9323,"Paperback, Kindle",Richard Rodriguez
Understanding Business Analytics,$81.58,In Stock,7765,"Paperback, Kindle",David Lee
Introduction to Historical Fiction,$57.82,2-3 days,9977,Paperback,Lisa Garcia
The Science of Fiction Writing,$83.74,In Stock,2789,Paperback,Sarah Wilson
Complete Guide to Network Security,$17.07,In Stock,7414,Kindle Edition,Amanda Anderson
Complete Guide to Database Management,$25.67,In Stock,3358,Kindle Edition,Michael Davis
The Power of Romance,$13.61,Pre-order,4223,"Paperback, Kindle",John Smith
Modern Network Security,$36.02,Out of Stock,5863,"Hardcover, Kindle",Jane Doe
The Power of Science Fiction,$41.08,Limited Stock,8597,Hardcover,Emily Brown
The Science of Science Fiction,$31.70,In Stock,9823,Paperback,James Thompson
The Science of Digital Marketing,$76.29,In Stock,7426,Audio Book,Mary Clark
Introduction to Cloud Computing,$38.53,In Stock,3533,Hardcover,Mary Clark
Modern Historical Fiction,$32.46,In Stock,3573,"Paperback, Kindle",Amanda Anderson
Mastering Data Science,$53.41,In Stock,7085,Kindle Edition,Amanda Anderson
Mastering Cloud Computing,$21.26,In Stock,1546,Kindle Edition,John Smith
Deep Dive into Artificial Intelligence,$74.17,In Stock,121,Paperback,William Robinson
Secrets of Project Management,$15.95,2-3 days,2832,Kindle Edition,James Thompson
Understanding Machine Learning,$88.94,In Stock,2084,Kindle Edition,Mary Clark
The Science of Leadership,$71.77,In Stock,2185,Kindle Edition,Michael Davis
Understanding Fiction Writing,$25.89,Pre-order,1488,Paperback,Amanda Anderson
Modern Network Security,$10.43,In Stock,0,Audio Book,John Smith
Modern Python Programming,$75.23,Out of Stock,0,"Paperback, Kindle",William Robinson
Deep Dive into Web Development,$66.54,2-3 days,9863,Paperback,William Robinson
Deep Dive into Romance,$68.31,2-3 days,3645,Paperback,Robert Johnson
Secrets of Network Security,$71.69,In Stock,3162,Paperback,Jennifer Taylor
Secrets of Business Analytics,$15.91,2-3 days,6442,Kindle Edition,Christopher Martinez
Mastering DevOps,$38.67,In Stock,1318,Kindle Edition,James Thompson
The Science of Artificial Intelligence,$19.26,In Stock,9444,Kindle Edition,Jennifer Taylor
Practical Python Programming,$79.04,In Stock,7627,Paperback,Richard Rodriguez
The Power of Network Security,$59.85,Usually ships within 24 hours,0,Hardcover,Michael Davis
Modern Artificial Intelligence,$36.46,In Stock,3531,Kindle Edition,Robert Johnson
Modern Web Development,$15.07,In Stock,8657,Kindle Edition,Amanda Anderson
Deep Dive into DevOps,$34.87,Out of Stock,9386,All Formats,David Lee
Deep Dive into Mystery,$36.00,In Stock,4085,Paperback,James Thompson
Understanding Software Engineering,$68.36,In Stock,5706,Kindle Edition,Mary Clark
Complete Guide to Digital Marketing,$60.99,In Stock,749,Kindle Edition,Jennifer Taylor
Secrets of Artificial Intelligence,$80.97,In Stock,9901,Kindle Edition,Jane Doe
Modern Mystery,$47.77,In Stock,1467,Audio Book,Jennifer Taylor
The Art of Biography,$19.56,In Stock,9364,Kindle Edition,Sarah Wilson
Essential Historical Fiction,$67.05,Out of Stock,6109,All Formats,David Lee
The Art of Web Development,$70.85,In Stock,5643,Paperback,Sarah Wilson
Essential DevOps,$54.89,In Stock,4588,Paperback,Sarah Wilson
Introduction to Data Science,$71.67,2-3 days,1456,Audio Book,James Thompson
Introduction to Science Fiction,$49.49,In Stock,854,Kindle Edition,Jane Doe
Mastering Machine Learning,$51.81,Limited Stock,1343,Hardcover,Mary Clark
The Power of Historical Fiction,$44.19,In Stock,964,Paperback,Robert Johnson
Mastering Romance,$12.02,In Stock,7552,Paperback,Sarah Wilson
Secrets of Cloud Computing,$18.62,In Stock,2782,"Paperback, Kindle",David Lee
Complete Guide to Historical Fiction,$12.50,In Stock,0,Paperback,Lisa Garcia
Modern Artificial Intelligence,$60.90,In Stock,9656,Hardcover,Jennifer Taylor
Advanced Mystery,$35.14,In Stock,8709,Paperback,Michael Davis
Understanding Project Management,$50.68,In Stock,9197,Hardcover,James Thompson
Introduction to Romance,$82.60,In Stock,9943,Paperback,David Lee
Secrets of Software Engineering,$29.93,In Stock,825,Kindle Edition,Mary Clark
The Power of DevOps,$42.82,In Stock,3294,Paperback,William Robinson
The Science of Digital Marketing,$70.43,In Stock,7315,"Paperback, Kindle",Christopher Martinez
Practical Mystery,$28.29,In Stock,6624,Paperback,John Smith
Practical Web Development,$16.15,Limited Stock,603,Kindle Edition,Jennifer Taylor
Introduction to Database Management,$33.17,In Stock,7954,"Paperback, Kindle",Jane Doe
Mastering Business Analytics,$22.89,Pre-order,1386,Kindle Edition,Sarah Wilson
The Art of Science Fiction,$84.37,Out of Stock,1380,Kindle Edition,Michael Davis
Modern Database Management,$74.64,In Stock,4857,Hardcover,Sarah Wilson
Understanding Database Management,$60.66,2-3 days,5479,Hardcover,Jane Doe
The Art of Machine Learning,$79.71,2-3 days,5336,Kindle Edition,William Robinson
The Power of Data Science,$74.28,In Stock,0,All Formats,David Lee
Introduction to Machine Learning,$24.92,In Stock,8639,Kindle Edition,Mary Clark
The Art of Business Analytics,$81.39,Available Soon,1844,Kindle Edition,Christopher Martinez
Mastering Mystery,$53.14,Limited Stock,332,Audio Book,Mary Clark
Introduction to Network Security,$74.59,In Stock,8764,Kindle Edition,John Smith
Deep Dive into Historical Fiction,$81.68,In Stock,9507,Paperback,James Thompson
Introduction to Romance,$35.43,In Stock,8468,Kindle Edition,Mary Clark
Complete Guide to Science Fiction,$18.79,In Stock,7884,All Formats,Christopher Martinez
Understanding Historical Fiction,$28.22,Out of Stock,6171,Paperback,Jennifer Taylor
Introduction to Historical Fiction,$44.16,In Stock,5012,Kindle Edition,David Lee
Secrets of Project Management,$75.43,In Stock,0,Paperback,John Smith
Introduction to Web Development,$78.85,Limited Stock,3430,Kindle Edition,Emily Brown
Mastering Project Management,$10.55,In Stock,3033,Paperback,Christopher Martinez
Essential Project Management,$50.85,In Stock,1779,Kindle Edition,Sarah Wilson
The Science of Fiction Writing,$43.38,Limited Stock,6928,Audio Book,Amanda Anderson
The Power of Data Science,$27.76,2-3 days,4401,Hardcover,William Robinson
Deep Dive into Web Development,$19.58,In Stock,0,Kindle Edition,Jennifer Taylor
The Art of Leadership,$37.00,In Stock,1339,Audio Book,James Thompson
The Power of Business Analytics,$85.42,In Stock,6482,"Hardcover, Kindle",Jennifer Taylor
Secrets of Web Development,$35.85,In Stock,0,Paperback,William Robinson
Introduction to Software Engineering,$51.49,In Stock,8347,Hardcover,John Smith
Introduction to Romance,$66.23,In Stock,4393,Paperback,Emily Brown
Practical Cloud Computing,$39.08,In Stock,4231,All Formats,Michael Davis
The Science of Artificial Intelligence,$87.73,In Stock,5473,"Hardcover, Kindle",Christopher Martinez
Advanced Fiction Writing,$86.99,In Stock,8052,Kindle Edition,Robert Johnson
Introduction to Machine Learning,$30.13,In Stock,2757,"Paperback, Kindle",Richard Rodriguez
Practical Romance,$49.77,In Stock,6424,Kindle Edition,Michael Davis
Mastering Data Science,$34.06,In Stock,5177,Kindle Edition,Jennifer Taylor
Deep Dive into Romance,$32.78,In Stock,1859,Paperback,Richard Rodriguez
The Art of Machine Learning,$12.94,2-3 days,8652,Audio Book,Lisa Garcia
Secrets of Database Management,$58.76,In Stock,7750,Paperback,Jennifer Taylor
Complete Guide to Project Management,$50.20,Limited Stock,6206,"Paperback, Kindle",Jane Doe
Practical Historical Fiction,$14.11,Pre-order,8340,Audio Book,John Smith
Introduction to Leadership,$32.28,In Stock,8526,Audio Book,James Thompson
The Art of Artificial Intelligence,$82.65,In Stock,6761,Paperback,Amanda Anderson
The Science of Python Programming,$29.15,In Stock,8189,Hardcover,William Robinson
The Science of Network Security,$21.58,In Stock,6640,Hardcover,Emily Brown
Secrets of Fiction Writing,$49.15,Limited Stock,6447,Hardcover,Lisa Garcia
Advanced Project Management,$88.84,In Stock,5764,Paperback,Robert Johnson
The Power of Romance,$29.35,In Stock,7253,"Hardcover, Kindle",Michael Davis
Deep Dive into Historical Fiction,$63.76,In Stock,655,Kindle Edition,Christopher Martinez
Complete Guide to Software Engineering,$70.92,In Stock,8677,Hardcover,John Smith
Advanced Software Engineering,$29.00,Out of Stock,8576,Hardcover,Christopher Martinez
The Art of Science Fiction,$68.25,In Stock,0,Kindle Edition,David Lee
The Power of Romance,$39.41,In Stock,8065,Kindle Edition,Jane Doe
The Art of Business Analytics,$60.57,Usually ships within 24 hours,325,Kindle Edition,Emily Brown
The Art of Data Science,$60.67,Out of Stock,2616,"Hardcover, Kindle",Mary Clark
Understanding Historical Fiction,$52.85,In Stock,7151,Kindle Edition,Richard Rodriguez
Modern Mystery,$17.21,In Stock,679,All Formats,Jane Doe
Complete Guide to Data Science,$76.81,In Stock,7978,"Paperback, Kindle",Jennifer Taylor
Modern Machine Learning,$35.65,In Stock,8135,Paperback,Jane Doe
Complete Guide to Machine Learning,$24.91,In Stock,4530,"Hardcover, Kindle",James Thompson
Understanding Machine Learning,$13.25,In Stock,0,Paperback,Mary Clark
Deep Dive into Database Management,$57.26,In Stock,2082,"Paperback, Kindle",Robert Johnson
The Science of Web Development,$64.20,In Stock,5745,Hardcover,Jennifer Taylor
Understanding Database Management,$11.32,2-3 days,9791,"Paperback, Kindle",Richard Rodriguez
Understanding Biography,$50.96,In Stock,5911,"Paperback, Kindle",Lisa Garcia
The Art of Biography,$28.11,In Stock,1779,"Paperback, Kindle",Michael Davis
Mastering Project Management,$61.60,In Stock,5935,Audio Book,Christopher Martinez
Deep Dive into Science Fiction,$23.94,Usually ships within 24 hours,4891,Hardcover,Lisa Garcia
Understanding Mystery,$65.27,In Stock,7555,Paperback,Michael Davis
Essential Network Security,$40.93,In Stock,82,Kindle Edition,David Lee
Introduction to Business Analytics,$84.93,Usually ships within 24 hours,7346,Paperback,Mary Clark
Introduction to Network Security,$20.99,2-3 days,4905,Kindle Edition,Jennifer Taylor
The Science of Cloud Computing,$37.28,Available Soon,9589,Hardcover,Jennifer Taylor
Deep Dive into DevOps,$19.07,In Stock,2691,All Formats,Emily Brown
Practical Business Analytics,$83.97,In Stock,5920,Kindle Edition,Jennifer Taylor
Secrets of Machine Learning,$80.18,Limited Stock,9245,"Paperback, Kindle",Christopher Martinez
The Art of Fiction Writing,$30.63,2-3 days,32,Paperback,Robert Johnson
Understanding Science Fiction,$62.79,In Stock,9302,"Paperback, Kindle",David Lee
Mastering Machine Learning,$75.37,In Stock,6533,"Hardcover, Kindle",Emily Brown
Modern Software Engineering,$54.41,In Stock,0,Kindle Edition,Richard Rodriguez
Modern Network Security,$52.36,Pre-order,2236,Kindle Edition,Amanda Anderson
Complete Guide to Digital Marketing,$29.34,In Stock,6759,Audio Book,Christopher Martinez
Mastering Database Management,$17.44,In Stock,0,Paperback,Lisa Garcia
Essential DevOps,$81.77,In Stock,5359,Kindle Edition,Richard Rodriguez
Complete Guide to Fiction Writing,$82.02,In Stock,2735,Hardcover,Robert Johnson
Modern DevOps,$60.64,In Stock,5790,Paperback,Mary Clark
Understanding Mystery,$37.11,In Stock,0,Hardcover,Jane Doe
The Art of Romance,$37.93,Out of Stock,8573,Paperback,Michael Davis
Advanced Web Development,$68.07,In Stock,9705,Paperback,William Robinson
Complete Guide to Network Security,$81.76,In Stock,9654,Paperback,William Robinson
Mastering Web Development,$80.96,In Stock,7219,All Formats,Mary Clark
The Power of Romance,$72.38,In Stock,339,Kindle Edition,David Lee
Complete Guide to Network Security,$61.35,In Stock,7315,All Formats,Sarah Wilson
Advanced Biography,$16.72,In Stock,0,Kindle Edition,Richard Rodriguez
Introduction to Business Analytics,$22.92,In Stock,0,Hardcover,William Robinson
Introduction to Network Security,$81.87,In Stock,2488,Kindle Edition,Christopher Martinez
Modern Historical Fiction,$58.50,In Stock,4321,Kindle Edition,Michael Davis
Advanced Data Science,$10.73,Usually ships within 24 hours,7450,Paperback,Mary Clark
Mastering Project Management,$18.11,In Stock,6482,Kindle Edition,John Smith
Advanced Data Science,$63.07,Available Soon,3846,Paperback,Michael Davis
The Art of Business Analytics,$10.39,In Stock,1933,Kindle Edition,Lisa Garcia
Secrets of Cloud Computing,$22.85,Limited Stock,9968,Kindle Edition,Michael Davis
Deep Dive into Network Security,$53.89,Pre-order,3627,Paperback,Mary Clark
Complete Guide to Fiction Writing,$65.34,In Stock,3907,Paperback,Amanda Anderson
Modern Project Management,$62.15,In Stock,711,Audio Book,Amanda Anderson
Modern Python Programming,$27.93,In Stock,7721,Kindle Edition,James Thompson
Mastering Machine Learning,$66.96,In Stock,6598,Paperback,Jennifer Taylor
The Power of Cloud Computing,$28.97,2-3 days,1346,All Formats,Mary Clark
Modern Data Science,$36.02,Available Soon,0,Paperback,Robert Johnson
Essential Science Fiction,$69.71,Usually ships within 24 hours,6451,Kindle Edition,Jennifer Taylor
Modern Cloud Computing,$61.96,In Stock,6163,All Formats,Christopher Martinez
The Science of Cloud Computing,$77.93,Limited Stock,1929,Paperback,Jennifer Taylor
The Art of DevOps,$62.60,2-3 days,9454,Paperback,Sarah Wilson
Essential Data Science,$55.45,In Stock,572,Paperback,Sarah Wilson
Essential Software Engineering,$17.48,In Stock,3695,Hardcover,Christopher Martinez
Deep Dive into Database Management,$39.41,Limited Stock,9373,Paperback,William Robinson
Deep Dive into Web Development,$31.21,In Stock,3555,Kindle Edition,Christopher Martinez
Essential Romance,$29.51,Available Soon,5985,Paperback,David Lee
The Science of Biography,$87.83,In Stock,3309,Kindle Edition,Jennifer Taylor
The Power of Cloud Computing,$41.44,Pre-order,1939,All Formats,Richard Rodriguez
Introduction to Artificial Intelligence,$81.35,In Stock,9822,"Paperback, Kindle",Sarah Wilson
Secrets of Artificial Intelligence,$60.48,In Stock,3440,Kindle Edition,Mary Clark
The Science of Python Programming,$73.57,In Stock,8823,Hardcover,Emily Brown
Complete Guide to Business Analytics,$50.20,Available Soon,1448,Kindle Edition,Lisa Garcia
Secrets of Project Management,$56.14,Limited Stock,1261,Kindle Edition,Emily Brown
Secrets of Database Management,$49.39,In Stock,0,Kindle Edition,Amanda Anderson
Advanced Artificial Intelligence,$25.61,In Stock,6131,Paperback,David Lee
Secrets of Web Development,$67.79,2-3 days,2987,"Paperback, Kindle",Emily Brown
The Science of Data Science,$32.45,In Stock,8493,Kindle Edition,Mary Clark
Practical Database Management,$11.94,Available Soon,4149,Paperback,William Robinson
Introduction to Fiction Writing,$61.63,In Stock,9646,Hardcover,David Lee
Essential DevOps,$24.16,In Stock,954,Kindle Edition,John Smith
Secrets of Database Management,$85.23,In Stock,8540,"Paperback, Kindle",Sarah Wilson
Introduction to Python Programming,$86.30,In Stock,7518,Audio Book,Lisa Garcia
Deep Dive into Software Engineering,$83.18,Limited Stock,7455,Audio Book,Jennifer Taylor
The Science of Business Analytics,$39.60,In Stock,8276,Paperback,Lisa Garcia
Advanced Machine Learning,$11.23,In Stock,7346,Kindle Edition,Richard Rodriguez
Secrets of Network Security,$84.26,2-3 days,5848,Kindle Edition,William Robinson
Essential Mystery,$44.24,In Stock,351,Paperback,David Lee
The Science of Romance,$87.32,In Stock,0,Hardcover,David Lee
Essential Python Programming,$87.08,2-3 days,9120,Audio Book,James Thompson
Mastering Network Security,$78.23,Out of Stock,5742,Paperback,William Robinson
Complete Guide to Science Fiction,$33.55,In Stock,7740,Kindle Edition,Mary Clark
Advanced Data Science,$40.80,2-3 days,4242,Paperback,James Thompson
Mastering Biography,$78.08,Out of Stock,197,Paperback,Robert Johnson
The Science of Digital Marketing,$35.34,In Stock,284,Paperback,Jennifer Taylor
The Power of Business Analytics,$23.55,In Stock,6508,All Formats,John Smith
The Science of Biography,$54.53,Pre-order,3673,"Paperback, Kindle",Robert Johnson
Modern Web Development,$84.88,Out of Stock,1121,All Formats,Christopher Martinez
The Science of Science Fiction,$65.67,In Stock,4353,Kindle Edition,Amanda Anderson
Introduction to Network Security,$55.59,2-3 days,0,Paperback,Sarah Wilson
The Art of Project Management,$17.76,Pre-order,5357,Kindle Edition,Mary Clark
The Art of Mystery,$59.19,In Stock,1881,Kindle Edition,Jane Doe
Secrets of Romance,$89.19,In Stock,7751,"Paperback, Kindle",Mary Clark
Deep Dive into Software Engineering,$21.20,In Stock,2341,Paperback,Mary Clark
Essential Project Management,$51.46,Limited Stock,3949,Kindle Edition,Jennifer Taylor
Mastering Business Analytics,$80.18,In Stock,0,Paperback,Jane Doe
Understanding Business Analytics,$69.25,In Stock,0,Hardcover,Christopher Martinez
Deep Dive into Web Development,$65.75,Pre-order,3253,Audio Book,Richard Rodriguez
The Power of DevOps,$66.19,2-3 days,4224,Kindle Edition,Jennifer Taylor
Modern DevOps,$38.75,In Stock,5558,Hardcover,John Smith
Deep Dive into Project Management,$33.48,Available Soon,2133,Hardcover,Lisa Garcia
Essential Leadership,$74.74,In Stock,6612,Kindle Edition,Robert Johnson
The Power of DevOps,$74.80,Available Soon,8446,Audio Book,David Lee
Modern Cloud Computing,$79.36,In Stock,7555,"Paperback, Kindle",Mary Clark
Introduction to Project Management,$83.05,In Stock,0,All Formats,James Thompson
Deep Dive into Leadership,$50.90,Pre-order,4230,Audio Book,Robert Johnson
Deep Dive into Artificial Intelligence,$50.11,In Stock,59,Hardcover,Jane Doe
Understanding Science Fiction,$73.85,In Stock,1582,Kindle Edition,Jennifer Taylor
Advanced Leadership,$61.99,Limited Stock,9851,Kindle Edition,William Robinson
Modern Python Programming,$66.15,Limited Stock,476,Hardcover,Michael Davis
Advanced DevOps,$73.65,Out of Stock,4434,"Paperback, Kindle",Sarah Wilson
Introduction to Project Management,$81.19,Limited Stock,5759,Paperback,Amanda Anderson
Secrets of Science Fiction,$37.03,In Stock,6695,"Hardcover, Kindle",Lisa Garcia
Understanding Business Analytics,$40.04,In Stock,5109,Kindle Edition,David Lee
Practical Fiction Writing,$17.51,In Stock,0,Kindle Edition,James Thompson
Practical Software Engineering,$56.25,In Stock,2519,Kindle Edition,Jane Doe
Modern Historical Fiction,$12.87,2-3 days,4643,"Paperback, Kindle",Mary Clark
Secrets of Artificial Intelligence,$47.24,In Stock,0,Kindle Edition,Sarah Wilson
Deep Dive into Machine Learning,$53.40,In Stock,2788,Kindle Edition,Mary Clark
Advanced Mystery,$32.91,In Stock,0,Paperback,James Thompson
Deep Dive into Biography,$57.26,2-3 days,0,Kindle Edition,Mary Clark
Essential Machine Learning,$12.43,In Stock,3302,Paperback,Christopher Martinez
Secrets of Database Management,$12.98,In Stock,368,Audio Book,David Lee
Deep Dive into DevOps,$75.80,In Stock,5197,Kindle Edition,Sarah Wilson
Introduction to Software Engineering,$38.81,Out of Stock,6551,Kindle Edition,James Thompson
Complete Guide to Python Programming,$20.15,In Stock,7785,Paperback,Lisa Garcia
The Art of Database Management,$51.77,2-3 days,1117,Paperback,Richard Rodriguez
Practical Biography,$71.59,2-3 days,754,Audio Book,William Robinson
Secrets of Machine Learning,$27.26,In Stock,55,Paperback,Jennifer Taylor
Practical Project Management,$59.82,Limited Stock,5962,Paperback,Mary Clark
Deep Dive into Science Fiction,$16.82,2-3 days,6740,Paperback,Christopher Martinez
Introduction to Leadership,$14.12,Limited Stock,0,All Formats,John Smith
Practical Leadership,$52.50,In Stock,9291,Audio Book,Amanda Anderson
Introduction to Cloud Computing,$53.24,In Stock,0,Hardcover,Jane Doe
Deep Dive into Python Programming,$60.98,Out of Stock,4905,Hardcover,Emily Brown
Secrets of Web Development,$68.08,In Stock,6768,Hardcover,James Thompson
Secrets of Project Management,$88.06,Limited Stock,8567,Audio Book,James Thompson
Introduction to Artificial Intelligence,$51.29,2-3 days,6824,Kindle Edition,Richard Rodriguez
Secrets of Mystery,$35.83,2-3 days,7798,Paperback,Michael Davis
Practical Data Science,$73.60,In Stock,2664,Paperback,Emily Brown
Modern Database Management,$31.66,In Stock,7943,Paperback,Lisa Garcia
Mastering Fiction Writing,$45.11,Usually ships within 24 hours,0,Kindle Edition,Jane Doe
Complete Guide to Fiction Writing,$16.27,Available Soon,8831,Audio Book,David Lee
Deep Dive into Mystery,$12.02,In Stock,4975,Hardcover,Jane Doe
Modern Biography,$87.00,2-3 days,7970,Paperback,William Robinson
Essential Fiction Writing,$76.87,2-3 days,3917,Paperback,James Thompson
Understanding Mystery,$65.67,In Stock,6041,All Formats,Lisa Garcia
The Science of Romance,$42.71,In Stock,4740,Hardcover,Mary Clark
Practical Artificial Intelligence,$23.85,In Stock,7019,Audio Book,Jane Doe
The Power of Historical Fiction,$22.50,In Stock,0,Kindle Edition,Jennifer Taylor
Practical Network Security,$30.01,In Stock,0,Hardcover,Robert Johnson
Secrets of Database Management,$53.93,Available Soon,1638,Paperback,Lisa Garcia
Deep Dive into Network Security,$67.16,In Stock,666,Paperback,Michael Davis
Secrets of Mystery,$62.81,In Stock,8576,Kindle Edition,Richard Rodriguez
Practical Database Management,$32.38,In Stock,1328,Audio Book,John Smith
Advanced Fiction Writing,$86.38,In Stock,9731,Kindle Edition,John Smith
Mastering DevOps,$69.02,2-3 days,2635,Kindle Edition,Sarah Wilson
Introduction to Network Security,$54.34,In Stock,916,Paperback,William Robinson
Essential Business Analytics,$58.93,In Stock,7664,All Formats,John Smith
Modern Machine Learning,$43.56,Limited Stock,6209,Audio Book,Michael Davis
Complete Guide to Cloud Computing,$29.81,In Stock,4427,Hardcover,Sarah Wilson
Introduction to Leadership,$38.47,In Stock,5062,All Formats,Sarah Wilson
The Power of Cloud Computing,$70.62,In Stock,6881,Kindle Edition,David Lee
The Power of Software Engineering,$11.14,In Stock,1431,Kindle Edition,Robert Johnson
Mastering Project Management,$19.28,In Stock,9959,Audio Book,Emily Brown
The Science of Business Analytics,$13.67,In Stock,9720,"Paperback, Kindle",Christopher Martinez
Modern Fiction Writing,$13.25,In Stock,6116,Kindle Edition,David Lee
The Science of Data Science,$78.43,2-3 days,1110,Paperback,Amanda Anderson
Introduction to Project Management,$66.28,In Stock,6448,Hardcover,James Thompson
The Science of Science Fiction,$47.92,In Stock,0,"Hardcover, Kindle",William Robinson
The Power of Python Programming,$17.82,Out of Stock,0,Paperback,Robert Johnson
Secrets of Science Fiction,$49.32,In Stock,1756,Hardcover,Robert Johnson
The Science of Historical Fiction,$47.87,Limited Stock,4032,Kindle Edition,Robert Johnson
The Art of Digital Marketing,$23.85,In Stock,8537,Kindle Edition,Jane Doe
Advanced Leadership,$44.70,Usually ships within 24 hours,6970,Kindle Edition,Amanda Anderson
The Science of Romance,$41.87,In Stock,7142,"Hardcover, Kindle",Mary Clark
The Power of Romance,$59.26,In Stock,3619,Paperback,David Lee
Secrets of Biography,$60.80,In Stock,2736,Paperback,Amanda Anderson
Introduction to Historical Fiction,$13.61,Usually ships within 24 hours,3015,Paperback,James Thompson
Introduction to Network Security,$39.96,In Stock,9862,"Paperback, Kindle",Emily Brown
The Science of Historical Fiction,$60.06,In Stock,0,Kindle Edition,Jennifer Taylor
The Art of Leadership,$50.24,In Stock,8523,Hardcover,Richard Rodriguez
Essential Leadership,$78.51,Limited Stock,5320,"Paperback, Kindle",Amanda Anderson
The Power of Artificial Intelligence,$62.69,In Stock,3765,"Paperback, Kindle",Robert Johnson
Practical Cloud Computing,$23.02,2-3 days,6948,"Paperback, Kindle",Emily Brown
Understanding Romance,$15.64,In Stock,4299,"Hardcover, Kindle",Jennifer Taylor
The Art of Leadership,$61.38,In Stock,8594,Hardcover,James Thompson
Understanding Science Fiction,$12.11,In Stock,8897,Audio Book,Michael Davis
Deep Dive into Python Programming,$56.85,In Stock,3577,Kindle Edition,Jennifer Taylor
Mastering Project Management,$85.21,In Stock,1968,"Paperback, Kindle",Michael Davis
Complete Guide to Fiction Writing,$56.03,In Stock,5472,Audio Book,James Thompson
Complete Guide to Data Science,$41.04,Pre-order,9026,Audio Book,John Smith
Advanced Leadership,$61.45,In Stock,1233,Kindle Edition,Richard Rodriguez
Essential Software Engineering,$46.65,In Stock,5812,Paperback,William Robinson
Practical Business Analytics,$53.64,In Stock,5908,Kindle Edition,Jennifer Taylor
Essential Leadership,$85.31,In Stock,7036,All Formats,Richard Rodriguez
Advanced Project Management,$40.88,In Stock,355,"Hardcover, Kindle",Michael Davis
Advanced Machine Learning,$86.89,In Stock,6844,Paperback,James Thompson
Practical Python Programming,$82.42,In Stock,8989,Paperback,Christopher Martinez
The Power of Romance,$25.65,2-3 days,889,Paperback,Robert Johnson
The Art of Digital Marketing,$15.54,2-3 days,1532,Audio Book,Jane Doe
Introduction to Machine Learning,$18.05,In Stock,9682,"Paperback, Kindle",Jennifer Taylor
Secrets of Data Science,$11.45,In Stock,904,Paperback,Sarah Wilson
Secrets of Python Programming,$17.55,Out of Stock,8382,Kindle Edition,Amanda Anderson
Introduction to Software Engineering,$64.63,In Stock,4361,"Paperback, Kindle",Michael Davis
The Art of Biography,$15.69,In Stock,1640,Audio Book,James Thompson
Complete Guide to Database Management,$35.51,In Stock,8564,Kindle Edition,David Lee
Complete Guide to Historical Fiction,$77.58,Limited Stock,3839,Kindle Edition,Lisa Garcia
Deep Dive into Web Development,$11.85,Limited Stock,4611,Kindle Edition,Michael Davis
Understanding Software Engineering,$75.15,In Stock,2883,Hardcover,Jennifer Taylor
Practical Network Security,$32.54,In Stock,5479,Kindle Edition,Mary Clark
Secrets of Digital Marketing,$19.44,In Stock,710,Kindle Edition,Michael Davis
Complete Guide to Biography,$65.73,Limited Stock,3237,"Paperback, Kindle",Emily Brown
Understanding Web Development,$60.31,In Stock,9660,Kindle Edition,David Lee
Secrets of Artificial Intelligence,$80.19,In Stock,1761,Audio Book,Mary Clark
Advanced Web Development,$68.80,Pre-order,6187,Paperback,Jennifer Taylor
Understanding Python Programming,$74.27,In Stock,2505,Kindle Edition,Jane Doe
Advanced Science Fiction,$32.55,Limited Stock,7484,Paperback,Emily Brown
Deep Dive into Leadership,$24.19,In Stock,347,Paperback,David Lee
The Science of Software Engineering,$70.04,In Stock,9664,Audio Book,Amanda Anderson
Mastering Science Fiction,$74.54,In Stock,3934,All Formats,Sarah Wilson
The Power of Database Management,$89.23,Limited Stock,1515,Paperback,Amanda Anderson
Mastering DevOps,$43.00,2-3 days,0,Kindle Edition,Michael Davis
Deep Dive into Biography,$39.75,Available Soon,779,"Paperback, Kindle",Lisa Garcia
Secrets of Web Development,$72.10,In Stock,4666,Paperback,Michael Davis
Secrets of Science Fiction,$37.25,Limited Stock,2637,Kindle Edition,John Smith
Secrets of Data Science,$84.45,In Stock,8099,Audio Book,Mary Clark
Essential Romance,$78.66,In Stock,3679,Kindle Edition,James Thompson
The Science of Digital Marketing,$44.31,2-3 days,1656,Paperback,David Lee
Mastering Mystery,$70.06,In Stock,5748,Hardcover,Michael Davis
Deep Dive into Business Analytics,$70.35,In Stock,6743,Audio Book,John Smith
The Art of Project Management,$18.24,In Stock,749,Kindle Edition,Amanda Anderson
Practical Web Development,$82.19,In Stock,755,Paperback,Mary Clark
The Science of Digital Marketing,$50.41,In Stock,0,Audio Book,James Thompson
Deep Dive into Fiction Writing,$76.11,In Stock,7072,Paperback,William Robinson
The Power of Cloud Computing,$35.59,In Stock,6266,Audio Book,Lisa Garcia
The Science of Artificial Intelligence,$81.63,2-3 days,4165,Paperback,John Smith
The Power of Mystery,$41.13,Available Soon,8269,All Formats,Richard Rodriguez
Deep Dive into Network Security,$10.86,In Stock,7841,Hardcover,Amanda Anderson
Understanding Romance,$82.42,In Stock,5395,Hardcover,Lisa Garcia
Secrets of Historical Fiction,$17.29,In Stock,8537,Paperback,Jennifer Taylor
Practical Project Management,$35.54,In Stock,1180,Hardcover,Mary Clark
The Power of Science Fiction,$85.99,In Stock,137,"Paperback, Kindle",Richard Rodriguez
Advanced Business Analytics,$86.04,Out of Stock,1890,All Formats,Richard Rodriguez
Introduction to Machine Learning,$55.87,In Stock,0,Hardcover,Michael Davis
Advanced Fiction Writing,$60.54,In Stock,4793,Kindle Edition,William Robinson
Introduction to Fiction Writing,$45.87,In Stock,9295,Audio Book,William Robinson
Understanding Biography,$33.45,In Stock,0,"Paperback, Kindle",Emily Brown
Deep Dive into Leadership,$36.28,2-3 days,250,Kindle Edition,Amanda Anderson
Essential Python Programming,$63.79,Pre-order,3916,Hardcover,William Robinson
Practical Business Analytics,$70.18,In Stock,9265,Kindle Edition,Sarah Wilson
Complete Guide to Historical Fiction,$73.32,2-3 days,2405,Kindle Edition,Emily Brown
Introduction to Digital Marketing,$73.16,In Stock,4527,Paperback,James Thompson
Secrets of Network Security,$17.29,2-3 days,0,Kindle Edition,Emily Brown
Essential Network Security,$49.54,Pre-order,541,Hardcover,Amanda Anderson
Understanding Network Security,$14.59,In Stock,9851,Audio Book,Michael Davis
Modern Python Programming,$53.95,In Stock,9612,Paperback,James Thompson
Modern Software Engineering,$45.31,In Stock,0,Kindle Edition,William Robinson
Mastering Database Management,$81.01,In Stock,9464,Kindle Edition,Lisa Garcia
The Power of Project Management,$38.06,Out of Stock,5992,Kindle Edition,William Robinson
Practical Romance,$19.36,In Stock,8533,Paperback,James Thompson
Secrets of Database Management,$21.43,In Stock,3944,Kindle Edition,James Thompson
The Power of Historical Fiction,$70.91,Available Soon,4620,Kindle Edition,Mary Clark
Deep Dive into Historical Fiction,$59.45,Usually ships within 24 hours,4323,Kindle Edition,Robert Johnson
Practical Python Programming,$18.08,In Stock,6300,Kindle Edition,James Thompson
Mastering DevOps,$16.72,In Stock,445,Kindle Edition,Jane Doe
Introduction to Leadership,$66.07,In Stock,0,"Paperback, Kindle",Richard Rodriguez
The Power of Database Management,$15.81,In Stock,2314,Hardcover,James Thompson
Advanced Science Fiction,$75.74,2-3 days,6720,"Paperback, Kindle",James Thompson
Essential Historical Fiction,$66.49,In Stock,1136,Kindle Edition,John Smith
Modern Mystery,$16.50,In Stock,6373,Paperback,Michael Davis
Essential Project Management,$16.78,In Stock,9665,Paperback,William Robinson
The Power of Romance,$88.92,In Stock,0,Hardcover,Jennifer Taylor
Essential Digital Marketing,$39.93,Limited Stock,6364,Audio Book,John Smith
The Power of Fiction Writing,$39.64,Available Soon,3822,Audio Book,Amanda Anderson
Advanced DevOps,$75.01,In Stock,8535,Audio Book,Sarah Wilson
Advanced Database Management,$85.77,In Stock,861,Kindle Edition,Lisa Garcia
Mastering Software Engineering,$88.87,In Stock,6586,Kindle Edition,Robert Johnson
Essential Web Development,$70.26,2-3 days,8202,Paperback,Jane Doe
The Power of Romance,$40.09,2-3 days,9384,Hardcover,Richard Rodriguez
Secrets of Artificial Intelligence,$16.67,In Stock,6482,Kindle Edition,Michael Davis
Introduction to Software Engineering,$72.16,Out of Stock,4415,Paperback,Sarah Wilson
The Power of Historical Fiction,$54.66,Limited Stock,5755,Paperback,Lisa Garcia
Advanced Science Fiction,$43.93,In Stock,8544,Kindle Edition,David Lee
Secrets of Mystery,$82.50,2-3 days,5231,Audio Book,Robert Johnson
Understanding DevOps,$18.89,In Stock,0,All Formats,Emily Brown
Mastering Software Engineering,$49.40,In Stock,9233,"Hardcover, Kindle",Robert Johnson
Advanced Database Management,$10.90,In Stock,6552,Kindle Edition,William Robinson
Essential Artificial Intelligence,$47.48,In Stock,6407,Kindle Edition,Christopher Martinez
Advanced Python Programming,$14.49,In Stock,1289,Kindle Edition,Richard Rodriguez
The Power of Romance,$19.50,Limited Stock,6211,Audio Book,Sarah Wilson
Complete Guide to Network Security,$19.39,In Stock,3268,Paperback,Christopher Martinez
The Art of Data Science,$61.93,Out of Stock,6126,Kindle Edition,Christopher Martinez
Modern DevOps,$69.67,In Stock,78,"Paperback, Kindle",Richard Rodriguez
The Power of Cloud Computing,$56.66,In Stock,6200,Hardcover,Michael Davis
Deep Dive into Historical Fiction,$86.96,In Stock,9993,Kindle Edition,Mary Clark
Mastering Python Programming,$39.98,In Stock,0,Kindle Edition,Robert Johnson
Understanding DevOps,$32.85,Limited Stock,9746,Paperback,Michael Davis
Practical Historical Fiction,$79.48,In Stock,3413,Hardcover,Richard Rodriguez
Practical Business Analytics,$27.88,In Stock,8564,Hardcover,Mary Clark
Complete Guide to Data Science,$87.05,In Stock,7583,Paperback,Jennifer Taylor
Advanced Historical Fiction,$10.96,Limited Stock,5191,Paperback,William Robinson
Mastering Machine Learning,$87.58,2-3 days,7095,"Paperback, Kindle",Michael Davis
The Science of Historical Fiction,$13.44,Limited Stock,8650,Hardcover,Lisa Garcia
Mastering Science Fiction,$81.28,In Stock,3382,Kindle Edition,Mary Clark
Deep Dive into Data Science,$52.21,In Stock,2526,Hardcover,Sarah Wilson
Complete Guide to Cloud Computing,$89.43,In Stock,6308,"Hardcover, Kindle",William Robinson
Secrets of Science Fiction,$15.89,In Stock,7866,Hardcover,Jane Doe
Advanced Machine Learning,$54.30,In Stock,7360,Kindle Edition,Jennifer Taylor
Introduction to Web Development,$87.53,In Stock,7754,"Paperback, Kindle",Jane Doe
Modern Project Management,$51.84,In Stock,3731,"Paperback, Kindle",Robert Johnson
Understanding Biography,$60.34,In Stock,7976,Paperback,William Robinson
Secrets of Biography,$65.65,Pre-order,229,"Paperback, Kindle",Emily Brown
Introduction to Mystery,$46.35,In Stock,4941,Kindle Edition,Mary Clark
The Science of Fiction Writing,$60.19,In Stock,0,Kindle Edition,James Thompson
Practical DevOps,$56.74,Limited Stock,2499,Paperback,Lisa Garcia
Understanding Project Management,$82.08,In Stock,2964,Paperback,James Thompson
Advanced Science Fiction,$13.63,Limited Stock,3294,Audio Book,David Lee
Understanding Data Science,$32.47,In Stock,6617,Kindle Edition,Mary Clark
Understanding Web Development,$86.02,In Stock,3209,Kindle Edition,William Robinson
Secrets of Software Engineering,$81.21,Available Soon,3877,Audio Book,Christopher Martinez
Deep Dive into Software Engineering,$46.44,Pre-order,1532,Audio Book,Sarah Wilson
Advanced Machine Learning,$59.60,Limited Stock,3039,Paperback,Jane Doe
Complete Guide to Database Management,$32.18,In Stock,1418,Kindle Edition,William Robinson
Complete Guide to Romance,$25.04,In Stock,0,Paperback,David Lee
Mastering Artificial Intelligence,$47.09,In Stock,5596,Audio Book,John Smith
The Art of Project Management,$38.26,In Stock,6315,Kindle Edition,Michael Davis
Practical Biography,$56.68,2-3 days,5774,All Formats,Christopher Martinez
Practical DevOps,$16.21,In Stock,4041,Paperback,Jane Doe
The Art of Database Management,$87.94,Usually ships within 24 hours,3112,Paperback,Jennifer Taylor
Advanced DevOps,$88.89,In Stock,8482,Hardcover,Sarah Wilson
